<?xml version="1.0" encoding="UTF-8"?>
<project-private xmlns="http://www.netbeans.org/ns/project-private/1">
    <editor-bookmarks xmlns="http://www.netbeans.org/ns/editor-bookmarks/2" lastBookmarkId="0"/>
    <open-files xmlns="http://www.netbeans.org/ns/projectui-open-files/2">
        <group>
            <file>file:/C:/xampp/htdocs/butterCMS/src/CategoryPost.js</file>
            <file>file:/C:/xampp/htdocs/butterCMS/src/Footer.js</file>
            <file>file:/C:/xampp/htdocs/butterCMS/src/Loading.js</file>
            <file>file:/C:/xampp/htdocs/butterCMS/src/BlogHome.js</file>
            <file>file:/C:/xampp/htdocs/butterCMS/src/NotFound.js</file>
            <file>file:/C:/xampp/htdocs/butterCMS/src/SearchPost.js</file>
            <file>file:/C:/xampp/htdocs/butterCMS/src/Header.js</file>
            <file>file:/C:/xampp/htdocs/butterCMS/src/index.js</file>
            <file>file:/C:/xampp/htdocs/butterCMS/src/Sidebar.js</file>
            <file>file:/C:/xampp/htdocs/butterCMS/src/Routes.js</file>
            <file>file:/C:/xampp/htdocs/butterCMS/src/App.js</file>
            <file>file:/C:/xampp/htdocs/butterCMS/src/BlogPost.js</file>
            <file>file:/C:/xampp/htdocs/butterCMS/package.json</file>
        </group>
    </open-files>
</project-private>
